invoice_and_item_number,date,store_number,store_name,address,city,zip_code,store_location,county_number,county,vendor_number,vendor_name,item_number,item_description,pack,bottle_volume_ml,state_bottle_cost,state_bottle_retail,bottles_sold,sale_dollars,volume_sold_liters,volume_sold_gallons,category_code,category_name,,month
RINV-04495800304,7/02/2023,2603,HY-VEE WINE AND SPIRITS / BETTENDORF,2890 DEVILS GLEN ROAD,BETTENDORF,52722,POINT(-90.48373 41.55236),,SCOTT,306,MISSISSIPPI RIVER DISTILLING COMPANY LLC,28131,CODY ROAD HONEY,6,750,17,25.5,-6,-153,-4.5,-1.18,1011100,BLENDED WHISKIES,,22023
INV-55758700081,10/02/2023,2613,HY-VEE FOOD STORE #1 / COUNCIL BLUFFS,2323 W BROADWAY,COUNCIL BLUFFS,51501,POINT(-95.87957 41.26193),,POTTAWATTAMIE,65,JIM BEAM BRANDS,24451,KESSLER BLEND WHISKEY MINI,12,50,5.4,8.1,1,8.1,0.05,0.01,1011100,BLENDED WHISKIES,,22023
INV-55969400075,17/02/2023,2551,HY-VEE FOOD STORE (1065) / CHARITON,2001 WEST COURT,CHARITON,50049,POINT(-93.32337 41.01456),,LUCAS,492,WESTERN SPIRITS BEVERAGE,26087,BIRD DOG HONEY FLAVORED WHISKEY MINI,6,50,5,7.5,1,7.5,0.05,0.01,1011100,BLENDED WHISKIES,,22023
INV-56015900008,20/02/2023,6262,"FAREWAY STORES, INC. #222 / ROCKWELL CITY",339 EAST HIGH STREET,ROCKWELL CITY,50579,POINT(-94.62577 42.39885),,CALHOUN,492,WESTERN SPIRITS BEVERAGE,26174,BIRD DOG PEANUT BUTTER FLAVORED WHISKEY MINI,6,50,5,7.5,1,7.5,0.05,0.01,1011100,BLENDED WHISKIES,,22023
INV-55631600073,7/02/2023,3723,J D SPIRITS LIQUOR,1023  9TH ST,ONAWA,51040,POINT(-96.09589 42.02584),,MONONA,492,WESTERN SPIRITS BEVERAGE,26176,BIRD DOG STRAWBERRY MINI,6,50,5,7.5,1,7.5,0.05,0.01,1011100,BLENDED WHISKIES,,22023
INV-56229700106,28/02/2023,2637,HY-VEE #5 / DAVENPORT,2351 W LOCUST,DAVENPORT,52804,POINT(-90.61251 41.53819),,SCOTT,65,JIM BEAM BRANDS,27680,JIM BEAM KENTUCKY FIRE MINI,12,50,7,10.5,1,10.5,0.05,0.01,1011100,BLENDED WHISKIES,,22023
INV-71265500002,17/06/2024,5006,KWIK STOP 16TH STREET #325,1210 E 16TH ST,DUBUQUE,52001,POINT(-90.655192039 42.511484005),,DUBUQUE,65,JIM BEAM BRANDS,24451,KESSLER BLEND WHISKEY MINI,12,50,5.4,8.1,1,8.1,0.05,0.01,1011100,BLENDED WHISKIES,,62024
INV-71624300035,26/06/2024,2647,HY-VEE #7 / CEDAR RAPIDS,5050 EDGEWOOD RD,CEDAR RAPIDS,52411,POINT(-91.698522983 42.029484381),,LINN,260,DIAGEO AMERICAS,25601,SEAGRAMS 7 CROWN MINI,12,50,6.17,9.26,1,9.26,0.05,0.01,1011100,BLENDED WHISKIES,,62024
INV-71083200004,11/06/2024,2636,HY-VEE WINE AND SPIRITS / HUBBELL,2310 HUBBELL AVE,DES MOINES,50317,POINT(-93.574113042 41.60463601),,POLK,492,WESTERN SPIRITS BEVERAGE,26160,BIRD DOG APPLE MINI,6,50,5,7.5,1,7.5,0.05,0.01,1011100,BLENDED WHISKIES,,62024
INV-71670800029,27/06/2024,10395,MALIK'S #3 / MASON CITY,1303 4TH ST SW,MASON CITY,50401,POINT(-93.221648984 43.14798901),,CERRO GORDO,492,WESTERN SPIRITS BEVERAGE,26176,BIRD DOG STRAWBERRY MINI,6,50,5,7.5,1,7.5,0.05,0.01,1011100,BLENDED WHISKIES,,62024
INV-71293500007,18/06/2024,4594,QUIK TRIP #554 / SW 63RD DM,901 SW 63RD ST,DES MOINES,50312,POINT(-93.702559003 41.569872988),,POLK,65,JIM BEAM BRANDS,27680,JIM BEAM KENTUCKY FIRE MINI,12,50,7,10.5,1,10.5,0.05,0.01,1011100,BLENDED WHISKIES,,62024
INV-71517000012,24/06/2024,2721,HY-VEE C-STORE #3 / DUBUQUE,300 S LOCUST,DUBUQUE,52003,POINT(-90.664055986 42.488579993),,DUBUQUE,65,JIM BEAM BRANDS,27680,JIM BEAM KENTUCKY FIRE MINI,12,50,7,10.5,1,10.5,0.05,0.01,1011100,BLENDED WHISKIES,,62024
INV-63839800016,1/11/2023,2673,HY-VEE # 6/ DES MOINES,420 COURT AVE,DES MOINES,50309,POINT(-93.622131959 41.584566003),,POLK,830,KIRIN BEER & SPIRITS OF AMERICA INC / FOUR ROSES DISTILLERY,18347,FOUR ROSES SMALL BATCH MINI,5,50,29.85,44.78,1,44.78,0.05,0.01,1011200,STRAIGHT BOURBON WHISKIES,,112023
INV-64397200010,17/11/2023,5807,CASEY'S GENERAL STORE #1028 / MIDDLETOWN,75 MAIN ST,MIDDLETOWN,52638,POINT(-91.254737001 40.826661997),,DES MOINES,65,JIM BEAM BRANDS,19061,JIM BEAM MINI,12,50,7,10.5,1,10.5,0.05,0.01,1011200,STRAIGHT BOURBON WHISKIES,,112023
INV-63978400021,6/11/2023,2625,HY-VEE WINE & SPIRITS #2 / DAVENPORT,3301 W KIMBERLY RD,DAVENPORT,52804,POINT(-90.62426399 41.557819979),,SCOTT,65,JIM BEAM BRANDS,27408,JIM BEAM HONEY MINI,12,50,7,10.5,1,10.5,0.05,0.01,1011200,STRAIGHT BOURBON WHISKIES,,112023
INV-64485900007,21/11/2023,4162,FAREWAY STORES #963 / CEDAR RAPIDS,4220  16TH AVE SW,CEDAR RAPIDS,52404,POINT(-91.727145338 41.964834678),,LINN,65,JIM BEAM BRANDS,27780,JIM BEAM APPLE MINI,12,50,7,10.5,1,10.5,0.05,0.01,1011200,STRAIGHT BOURBON WHISKIES,,112023
INV-64472900010,21/11/2023,4467,KUM & GO #438 / MUSCATINE,1429 PARK AVE,MUSCATINE,52761,POINT(-91.030150024 41.441734015),,MUSCATINE,65,JIM BEAM BRANDS,27780,JIM BEAM APPLE MINI,12,50,7,10.5,1,10.5,0.05,0.01,1011200,STRAIGHT BOURBON WHISKIES,,112023
INV-64745700029,29/11/2023,6308,LIQUOR LAND / AMES,4518 MORTENSEN ROAD,AMES,50014,POINT(-93.679602981 42.011054001),,STORY,65,JIM BEAM BRANDS,28039,JIM BEAM VANILLA MINI,12,50,7,10.5,1,10.5,0.05,0.01,1011200,STRAIGHT BOURBON WHISKIES,,112023
INV-64670000033,27/11/2023,10168,MT VERNON DISCOUNT MARKET LLC / CEDAR RAPIDS,3102 MOUNT VERNON ROAD SOUTHEAST,CEDAR RAPIDS,52403,POINT(-91.622483531 41.977175983),,LINN,65,JIM BEAM BRANDS,28275,JIM BEAM PEACH MINI,12,50,7,10.5,1,10.5,0.05,0.01,1011200,STRAIGHT BOURBON WHISKIES,,112023
RINV-04425600029,19/12/2022,5343,FROHLICH'S SUPER VALU,403 MAIN ST.,COON RAPIDS,50058,POINT(-94.67628 41.87086),,CARROLL,65,JIM BEAM BRANDS,19067,JIM BEAM,12,1000,13,19.5,-1,-19.5,-1,-0.26,1011200,STRAIGHT BOURBON WHISKIES,,122022
INV-54530400007,30/12/2022,4912,CASEY'S GENERAL STORE #2531 / ELDRIDGE,"840, E LE CLAIRE RD",ELDRIDGE,52748,POINT(-90.57254 41.6547),,SCOTT,65,JIM BEAM BRANDS,19061,JIM BEAM MINI,12,50,7,10.5,1,10.5,0.05,0.01,1011200,STRAIGHT BOURBON WHISKIES,,122022
INV-54295100004,22/12/2022,5648,FAREWAY STORES #189 / AMES,3720 LINCOLN WAY,AMES,50014,POINT(-93.66893 42.02286),,STORY,65,JIM BEAM BRANDS,19061,JIM BEAM MINI,12,50,7,10.5,1,10.5,0.05,0.01,1011200,STRAIGHT BOURBON WHISKIES,,122022
INV-53734000045,7/12/2022,2501,HY-VEE  #2 (1018) / AMES,640 LINCOLNWAY,AMES,50010,POINT(-93.61927 42.0229),,STORY,65,JIM BEAM BRANDS,19471,MAKERS MARK MINI,10,50,16.8,25.2,1,25.2,0.05,0.01,1011200,STRAIGHT BOURBON WHISKIES,,122022
INV-53790600006,8/12/2022,2572,HY-VEE FOOD STORE / CEDAR FALLS,6301 UNIVERSITY,CEDAR FALLS,50613,POINT(-92.43346 42.51353),,BLACK HAWK,65,JIM BEAM BRANDS,19471,MAKERS MARK MINI,10,50,16.8,25.2,1,25.2,0.05,0.01,1011200,STRAIGHT BOURBON WHISKIES,,122022
INV-53792400277,8/12/2022,2588,HY-VEE FOOD AND DRUG #6 / CEDAR RAPIDS,4035 MT VERNON RD SE,CEDAR RAPIDS,52403,POINT(-91.60979 41.97687),,LINN,65,JIM BEAM BRANDS,26373,JIM BEAM ORANGE MINI,12,50,7,10.5,1,10.5,0.05,0.01,1011200,STRAIGHT BOURBON WHISKIES,,122022
INV-53797300037,8/12/2022,5314,TOBACCO HUT & LIQUOR,3134 MANAWA CENTER DR. # 9,COUNCIL BLUFFS,51501,POINT(-95.84749 41.2287),,POTTAWATTAMIE,65,JIM BEAM BRANDS,27408,JIM BEAM HONEY MINI,12,50,7,10.5,1,10.5,0.05,0.01,1011200,STRAIGHT BOURBON WHISKIES,,122022
INV-54164900012,19/12/2022,4967,JEFF'S MARKET / BLUE GRASS,"102, W MAYNE ST",BLUE GRASS,52726,POINT(-90.7661 41.50912),,SCOTT,65,JIM BEAM BRANDS,27780,JIM BEAM APPLE MINI,12,50,7,10.5,1,10.5,0.05,0.01,1011200,STRAIGHT BOURBON WHISKIES,,122022
INV-54520600181,30/12/2022,10037,WHISKEY WOLF LIQUOR / GLENWOOD,411 S LOCUST ST,GLENWOOD,51534,POINT(-95.74455 41.04203),,MILLS,65,JIM BEAM BRANDS,28039,JIM BEAM VANILLA MINI,12,50,7,10.5,1,10.5,0.05,0.01,1011200,STRAIGHT BOURBON WHISKIES,,122022
INV-53698700007,6/12/2022,5710,CASEY'S #3763 -WAVERLY,1032 4TH STREET SW,WAVERLY,50677,POINT(-92.47551 42.71557),,BREMER,65,JIM BEAM BRANDS,28275,JIM BEAM PEACH MINI,12,50,7,10.5,1,10.5,0.05,0.01,1011200,STRAIGHT BOURBON WHISKIES,,122022
INV-25321800029,19/02/2020,4810,KUM & GO #518 / ANKENY,3603 NE OTTERVIEW CIRCLE,ANKENY,50021,POINT(-93.572458 41.760989),77,POLK,65,JIM BEAM BRANDS,19061,JIM BEAM MINI,12,50,5.4,8.1,1,8.1,0.05,0.01,1011200,STRAIGHT BOURBON WHISKIES,,22020
INV-25093400022,7/02/2020,3728,BREWSKI'S BEVERAGE,726 CREEK TOP,COUNCIL BLUFFS,51503,POINT(-95.854809 41.262316),78,POTTAWATTAMIE,65,JIM BEAM BRANDS,19061,JIM BEAM MINI,12,50,5.4,8.1,1,8.1,0.05,0.01,1011200,STRAIGHT BOURBON WHISKIES,,22020
INV-25199500036,12/02/2020,2565,HY-VEE FOOD STORE #1636 / SPENCER,819 N GRAND AVE,SPENCER,51301,POINT(-95.14506 43.145897),21,CLAY,65,JIM BEAM BRANDS,19061,JIM BEAM MINI,12,50,5.4,8.1,1,8.1,0.05,0.01,1011200,STRAIGHT BOURBON WHISKIES,,22020
INV-25321300015,19/02/2020,4397,QUIK TRIP #514 / ANKENY,802 E 1ST ST,ANKENY,50021,POINT(-93.586368 41.731862),77,POLK,65,JIM BEAM BRANDS,19061,JIM BEAM MINI,12,50,5.4,8.1,1,8.1,0.05,0.01,1011200,STRAIGHT BOURBON WHISKIES,,22020
INV-25422800050,24/02/2020,4945,OSAGE LIQUORS,"508, MAIN ST",OSAGE,50461,POINT(-92.814028 43.284116),66,MITCHELL,65,JIM BEAM BRANDS,27408,JIM BEAM HONEY MINI,12,50,5.4,8.1,1,8.1,0.05,0.01,1011200,STRAIGHT BOURBON WHISKIES,,22020
INV-25148600102,11/02/2020,2651,HY-VEE / WAVERLY,1311 4 STREET SW,WAVERLY,50677,POINT(-92.475403 42.712263),9,BREMER,65,JIM BEAM BRANDS,27780,JIM BEAM APPLE MINI,12,50,5.4,8.1,1,8.1,0.05,0.01,1011200,STRAIGHT BOURBON WHISKIES,,22020
INV-25314400030,18/02/2020,4819,SUPER STOP 2 / ALTOONA,2635 ADVENTURELAND DR,ALTOONA,50009,POINT(-93.494642 41.65854),77,POLK,65,JIM BEAM BRANDS,27780,JIM BEAM APPLE MINI,12,50,5.4,8.1,1,8.1,0.05,0.01,1011200,STRAIGHT BOURBON WHISKIES,,22020
INV-25524400031,28/02/2020,2656,HY-VEE FOOD STORE / CORNING,300  10TH ST,CORNING,50841,POINT(-94.731809 40.991861),2,ADAMS,65,JIM BEAM BRANDS,28275,JIM BEAM PEACH MINI,12,50,5.4,8.1,1,8.1,0.05,0.01,1011200,STRAIGHT BOURBON WHISKIES,,22020
INV-67478400006,20/02/2024,4138,FAREWAY STORES #657 / INDIANOLA,1309 W 2ND,INDIANOLA,50125,POINT(-93.579486009 41.355785016),,WARREN,830,KIRIN BEER & SPIRITS OF AMERICA INC / FOUR ROSES DISTILLERY,18347,FOUR ROSES SMALL BATCH MINI,5,50,29.85,44.78,1,44.78,0.05,0.01,1011200,STRAIGHT BOURBON WHISKIES,,22024
INV-67338700010,15/02/2024,4941,KUM & GO #170 / URBANDALE,6990 DOUGLAS AVE,URBANDALE,50322,POINT(-93.711711119 41.629104797),,POLK,65,JIM BEAM BRANDS,19061,JIM BEAM MINI,12,50,7,10.5,1,10.5,0.05,0.01,1011200,STRAIGHT BOURBON WHISKIES,,22024
INV-67274200024,14/02/2024,2642,HY-VEE WINE AND SPIRITS / PELLA,512 E OSKALOOSA,PELLA,50219,POINT(-92.899561027 41.397395004),,MARION,65,JIM BEAM BRANDS,19061,JIM BEAM MINI,12,50,7,10.5,1,10.5,0.05,0.01,1011200,STRAIGHT BOURBON WHISKIES,,22024
INV-67561800005,22/02/2024,4300,FAREWAY STORES #625 / OSKALOOSA,311  3RD AVE W,OSKALOOSA,52577,POINT(-92.648361005 41.292980002),,MAHASKA,65,JIM BEAM BRANDS,19061,JIM BEAM MINI,12,50,7,10.5,1,10.5,0.05,0.01,1011200,STRAIGHT BOURBON WHISKIES,,22024
INV-67621100011,23/02/2024,10051,KWIK STAR #1172 / MARION,3055 7TH AVE.,MARION,52302,POINT(-91.58008996 42.033046019),,LINN,65,JIM BEAM BRANDS,27780,JIM BEAM APPLE MINI,12,50,7,10.5,1,10.5,0.05,0.01,1011200,STRAIGHT BOURBON WHISKIES,,22024
INV-67276900010,14/02/2024,4743,FAMILY FARE #791,1801 VALLEY VIEW DR,COUNCIL BLUFFS,51503,POINT(-95.817503024 41.244001985),,POTTAWATTAMIE,65,JIM BEAM BRANDS,28275,JIM BEAM PEACH MINI,12,50,7,10.5,1,10.5,0.05,0.01,1011200,STRAIGHT BOURBON WHISKIES,,22024
INV-37933700107,29/06/2021,4152,FOOD LAND SUPER MARKETS,407 W HURON,MISSOURI VALLEY,51555,POINT(-95.899346 41.557404),43,HARRISON,65,JIM BEAM BRANDS,19061,JIM BEAM MINI,12,50,5.4,8.1,1,8.1,0.05,0.01,1011200,STRAIGHT BOURBON WHISKIES,,62021
INV-37798300001,25/06/2021,2515,HY-VEE FOOD STORE #1 / MASON CITY,2400 4TH ST SW,MASON CITY,50401,POINT(-93.235588 43.148451),17,CERRO GORDO,65,JIM BEAM BRANDS,19061,JIM BEAM MINI,12,50,5.4,8.1,1,8.1,0.05,0.01,1011200,STRAIGHT BOURBON WHISKIES,,62021
INV-37903900035,29/06/2021,5366,LIQUOR BEER & TOBACCO OUTLET,1908 CLARK ST,CHARLES CITY,50616,POINT(-92.661881 43.059134),34,FLOYD,619,CAMPARI AMERICA,22151,WILD TURKEY 101 MINI,12,50,12.45,18.68,1,18.68,0.05,0.01,1011200,STRAIGHT BOURBON WHISKIES,,62021
INV-37619700006,18/06/2021,5903,HOT SPOT FOOD AND LIQUOR / BURLINGTON,1618 OSBORN ST,BURLINGTON,52601,POINT(-91.112635 40.825513),29,DES MOINES,65,JIM BEAM BRANDS,27408,JIM BEAM HONEY MINI,12,50,5.4,8.1,1,8.1,0.05,0.01,1011200,STRAIGHT BOURBON WHISKIES,,62021
INV-37369000008,10/06/2021,2708,HY-VEE FAST AND FRESH - WINDSOR HEIGHTS,7220 HICKMAN RD,WINDSOR HEIGHTS,50324,POINT(-93.717442 41.614647),77,POLK,65,JIM BEAM BRANDS,27780,JIM BEAM APPLE MINI,12,50,5.4,8.1,1,8.1,0.05,0.01,1011200,STRAIGHT BOURBON WHISKIES,,62021
INV-37250300024,7/06/2021,4950,KUM & GO #514 / CEDAR RAPIDS,1420 MT VERNON RD,CEDAR RAPIDS,52403,POINT(-91.651424 41.97769),57,LINN,65,JIM BEAM BRANDS,28275,JIM BEAM PEACH MINI,12,50,5.4,8.1,1,8.1,0.05,0.01,1011200,STRAIGHT BOURBON WHISKIES,,62021
INV-30211700010,14/09/2020,4956,THE COOLER,"4920, JOHNSON AVE NW",CEDAR RAPIDS,52405,POINT(-91.734311 41.967997),57,LINN,65,JIM BEAM BRANDS,19061,JIM BEAM MINI,12,50,5.4,8.1,1,8.1,0.05,0.01,1011200,STRAIGHT BOURBON WHISKIES,,92020
INV-30048600004,8/09/2020,4861,THE STATION / CEDAR RAPIDS,3645 STONE CREEK CIRCLE SW,CEDAR RAPIDS,52404,POINT(-91.747514 41.943626),57,LINN,65,JIM BEAM BRANDS,19061,JIM BEAM MINI,12,50,5.4,8.1,1,8.1,0.05,0.01,1011200,STRAIGHT BOURBON WHISKIES,,92020
INV-30253700111,15/09/2020,4152,FOOD LAND SUPER MARKETS,407 W HURON,MISSOURI VALLEY,51555,POINT(-95.899346 41.557404),43,HARRISON,65,JIM BEAM BRANDS,19061,JIM BEAM MINI,12,50,5.4,8.1,1,8.1,0.05,0.01,1011200,STRAIGHT BOURBON WHISKIES,,92020
INV-30514800007,24/09/2020,2515,HY-VEE FOOD STORE #1 / MASON CITY,2400 4TH ST SW,MASON CITY,50401,POINT(-93.235588 43.148451),17,CERRO GORDO,65,JIM BEAM BRANDS,27408,JIM BEAM HONEY MINI,12,50,5.4,8.1,1,8.1,0.05,0.01,1011200,STRAIGHT BOURBON WHISKIES,,92020
INV-30161200006,11/09/2020,2560,HY-VEE FOOD STORE / MARION,3600 BUSINESS HWY 151 EAST,MARION,52302,,57,LINN,65,JIM BEAM BRANDS,27780,JIM BEAM APPLE MINI,12,50,5.4,8.1,1,8.1,0.05,0.01,1011200,STRAIGHT BOURBON WHISKIES,,92020
INV-30446800041,22/09/2020,4947,THE MUSIC STATION,1420 W FIRST ST,CEDAR FALLS,50647,POINT(-92.462826 42.537839),7,BLACK HAWK,65,JIM BEAM BRANDS,28039,JIM BEAM VANILLA MINI,12,50,5.4,8.1,1,8.1,0.05,0.01,1011200,STRAIGHT BOURBON WHISKIES,,92020
INV-30002600020,4/09/2020,2591,HY-VEE WINE AND SPIRITS / ATLANTIC,1602 E 7TH ST,ATLANTIC,50022,POINT(-94.990031 41.403856),15,CASS,65,JIM BEAM BRANDS,28275,JIM BEAM PEACH MINI,12,50,5.4,8.1,1,8.1,0.05,0.01,1011200,STRAIGHT BOURBON WHISKIES,,92020
INV-31651300147,3/11/2020,3820,"CHARLIE'S WINE AND SPIRITS,",507 W 19TH ST,SIOUX CITY,51103,POINT(-96.420193 42.510535),97,WOODBURY,260,DIAGEO AMERICAS,10788,CROWN ROYAL VANILLA MINI,10,50,7.35,11.03,1,11.03,0.05,0.01,1012100,CANADIAN WHISKIES,,112020
INV-32001100071,17/11/2020,2578,HY-VEE / CHARLES CITY,901 KELLY ST,CHARLES CITY,50616,POINT(-92.67556 43.066993),34,FLOYD,260,DIAGEO AMERICAS,10803,CROWN ROYAL REGAL APPLE MINI,10,50,7.35,11.03,1,11.03,0.05,0.01,1012100,CANADIAN WHISKIES,,112020
INV-31841200015,11/11/2020,5001,THE MUSIC STATION / INDEPENDENCE,709 FIRST ST W,INDEPENDENCE,50644,POINT(-91.901687 42.468633),10,BUCHANAN,260,DIAGEO AMERICAS,10803,CROWN ROYAL REGAL APPLE MINI,10,50,7.35,11.03,1,11.03,0.05,0.01,1012100,CANADIAN WHISKIES,,112020
INV-31726100007,6/11/2020,5439,MT. PLEASANT FAST BREAK,201 E. WASHINGTON ST.,MOUNT PLEASANT,52641,POINT(-91.551598 40.965272),44,HENRY,260,DIAGEO AMERICAS,11290,CROWN ROYAL MINI,10,50,7.35,11.03,1,11.03,0.05,0.01,1012100,CANADIAN WHISKIES,,112020
INV-32168200015,23/11/2020,4412,KUM & GO #267 / TIPTON,2050 IA HIGHWAY 38,TIPTON,52772,POINT(-91.115934 41.647175),16,CEDAR,259,HEAVEN HILL BRANDS,11771,BLACK VELVET MINI,8,50,8.5,12.75,1,12.75,0.05,0.01,1012100,CANADIAN WHISKIES,,112020
INV-31679400278,4/11/2020,2629,HY-VEE FOOD STORE #2 / COUNCIL BLUFFS,1745 MADISON AVE,COUNCIL BLUFFS,51503,POINT(-95.825137 41.242732),78,POTTAWATTAMIE,380,PHILLIPS BEVERAGE,14518,REVEL STOKE PEANUT BUTTER WHISKY MINI,12,50,4.6,6.9,1,6.9,0.05,0.01,1012100,CANADIAN WHISKIES,,112020
INV-54631600026,4/01/2023,5856,STATION MART #1 - EVANSDALE,3594 LAFAYETTE ROAD,EVANSDALE,50707,POINT(-92.28798 42.47721),,BLACK HAWK,260,DIAGEO AMERICAS,10788,CROWN ROYAL VANILLA MINI,10,50,9.95,14.93,1,14.93,0.05,0.01,1012100,CANADIAN WHISKIES,,12023
INV-54788900002,9/01/2023,6072,PEARL CITY TOBACCO & LIQUOR OUTLET / MUSCATINE,200 GREEN ST,MUSCATINE,52761,POINT(-91.05788 41.41386),,MUSCATINE,260,DIAGEO AMERICAS,10788,CROWN ROYAL VANILLA MINI,10,50,9.95,14.93,1,14.93,0.05,0.01,1012100,CANADIAN WHISKIES,,12023
INV-55180400019,23/01/2023,6240,RACEWAY 80 / NEWTON,4300 SOUTH 22ND AVENUE EAST,NEWTON,50208,POINT(-93.00055 41.67966),,JASPER,260,DIAGEO AMERICAS,10803,CROWN ROYAL REGAL APPLE MINI,10,50,9.95,14.93,1,14.93,0.05,0.01,1012100,CANADIAN WHISKIES,,12023
INV-55345000042,27/01/2023,4857,WESTLAND FAST BREAK,1108 W AGENCY RD,WEST BURLINGTON,52655,POINT(-91.16951 40.81182),,DES MOINES,260,DIAGEO AMERICAS,11290,CROWN ROYAL MINI,10,50,9.95,14.93,1,14.93,0.05,0.01,1012100,CANADIAN WHISKIES,,12023
INV-55299800011,26/01/2023,2691,HY-VEE FAST & FRESH - DES MOINES,5801 HICKMAN ROAD,URBANDALE,50322,POINT(-93.69815 41.61488),,POLK,260,DIAGEO AMERICAS,11290,CROWN ROYAL MINI,10,50,9.95,14.93,1,14.93,0.05,0.01,1012100,CANADIAN WHISKIES,,12023
INV-54969000022,16/01/2023,5888,BIG 10 MART #62 / BETTENDORF,999 MIDDLE RD,BETTENDORF,52722,POINT(-90.51892 41.54003),,SCOTT,259,HEAVEN HILL BRANDS,11771,BLACK VELVET MINI,8,50,8.5,12.75,1,12.75,0.05,0.01,1012100,CANADIAN WHISKIES,,12023
RINV-05049700045,22/12/2023,3626,WAL-MART 2714 / SPENCER,500  11TH ST,SPENCER,51301,POINT(-95.152458015 43.125130009),,CLAY,259,HEAVEN HILL BRANDS,11788,BLACK VELVET,6,1750,11,16.5,-6,-99,-10.5,-2.77,1012100,CANADIAN WHISKIES,,122023
RINV-05003500088,6/12/2023,4877,WORLD LIQUOR & TOBACCO,1775 NW 86TH ST,CLIVE,50325,POINT(-93.735817975 41.607908011),,POLK,260,DIAGEO AMERICAS,10828,CROWN ROYAL NORTHERN HARVEST RYE,12,750,17.49,26.24,-1,-26.24,-0.75,-0.19,1012100,CANADIAN WHISKIES,,122023
INV-65281600002,14/12/2023,2679,HY-VEE FAST & FRESH/ALTOONA,3950 PRARIE FIRE NW,ALTOONA,50009,POINT(-93.509255971 41.651297981),,POLK,260,DIAGEO AMERICAS,10788,CROWN ROYAL VANILLA MINI,10,50,9.95,14.93,1,14.93,0.05,0.01,1012100,CANADIAN WHISKIES,,122023
INV-65530500004,21/12/2023,5314,TOBACCO HUT & LIQUOR,3134 MANAWA CENTER DR. # 9,COUNCIL BLUFFS,51501,POINT(-95.848022958 41.228713981),,POTTAWATTAMIE,260,DIAGEO AMERICAS,10803,CROWN ROYAL REGAL APPLE MINI,10,50,9.95,14.93,1,14.93,0.05,0.01,1012100,CANADIAN WHISKIES,,122023
INV-65545900006,21/12/2023,5685,FAREWAY STORES #190 / CEDAR FALLS,4500 S MAIN ST,CEDAR FALLS,50613,POINT(-92.445026009 42.497803021),,BLACK HAWK,260,DIAGEO AMERICAS,11290,CROWN ROYAL MINI,10,50,9.95,14.93,1,14.93,0.05,0.01,1012100,CANADIAN WHISKIES,,122023
INV-64940800004,6/12/2023,5510,KUM & GO #1443 / WILLIAMSBURG,2177 M AVE,WILLIAMSBURG,52361,POINT(-92.066850966 41.690911987),,IOWA,260,DIAGEO AMERICAS,11290,CROWN ROYAL MINI,10,50,9.95,14.93,1,14.93,0.05,0.01,1012100,CANADIAN WHISKIES,,122023
INV-64969700014,6/12/2023,2590,HY-VEE FOOD STORE #5 / CEDAR RAPIDS,3235 OAKLAND ROAD NE,CEDAR RAPIDS,52402,POINT(-91.659756597 42.011473515),,LINN,259,HEAVEN HILL BRANDS,11771,BLACK VELVET MINI,8,50,8.87,13.31,1,13.31,0.05,0.01,1012100,CANADIAN WHISKIES,,122023
INV-26846500010,27/04/2020,4533,CASEY'S GENERAL STORE #1985 / ST. ANSGAR,110 N HWY 218,ST ANSGAR,50472,POINT(-92.917588 43.378704),66,MITCHELL,260,DIAGEO AMERICAS,10803,CROWN ROYAL REGAL APPLE MINI,10,50,7.35,11.03,1,11.03,0.05,0.01,1012100,CANADIAN WHISKIES,,42020
INV-26742900035,22/04/2020,4296,CIRCLE B MARKET,111 MAIN ST,KEOSAUQUA,52565,POINT(-91.962466 40.7294),89,VAN BUREN,260,DIAGEO AMERICAS,10803,CROWN ROYAL REGAL APPLE MINI,10,50,7.35,11.03,1,11.03,0.05,0.01,1012100,CANADIAN WHISKIES,,42020
INV-26794900056,24/04/2020,2672,HY-VEE / WINTERSET,923 N  1ST ST,WINTERSET,50273,POINT(-94.013482 41.342665),61,MADISON,260,DIAGEO AMERICAS,11290,CROWN ROYAL MINI,10,50,7.35,11.03,1,11.03,0.05,0.01,1012100,CANADIAN WHISKIES,,42020
INV-26911400038,29/04/2020,5911,OLD FIRE LIQUOR / BUFFALO CENTER,113 1ST ST NW,BUFFALO CENTER,50424,POINT(-93.947595 43.386755),95,WINNEBAGO,260,DIAGEO AMERICAS,11290,CROWN ROYAL MINI,10,50,7.35,11.03,1,11.03,0.05,0.01,1012100,CANADIAN WHISKIES,,42020
INV-26647400002,17/04/2020,4334,FAREWAY STORES #114 / DUBUQUE,2050 JOHN F KENNEDY RD,DUBUQUE,52001,,31,DUBUQUE,260,DIAGEO AMERICAS,11290,CROWN ROYAL MINI,10,50,7.35,11.03,1,11.03,0.05,0.01,1012100,CANADIAN WHISKIES,,42020
INV-26692100021,21/04/2020,5307,FAREWAY STORES #167/JOHNSTON,6005 MERLE HAY ROAD,JOHNSTON,50131,POINT(-93.697658 41.670127),77,POLK,380,PHILLIPS BEVERAGE,14518,REVEL STOKE PEANUT BUTTER WHISKY MINI,12,50,4.6,6.9,1,7.34,0.05,0.01,1012100,CANADIAN WHISKIES,,42020
INV-59544800002,19/06/2023,4787,380BP / SWISHER,2722 NE 120TH ST,SWISHER,52338,POINT(-91.664584489 41.84887461),,JOHNSON,260,DIAGEO AMERICAS,10788,CROWN ROYAL VANILLA MINI,10,50,9.95,14.93,1,14.93,0.05,0.01,1012100,CANADIAN WHISKIES,,62023
INV-59812300006,28/06/2023,2501,HY-VEE  #2 (1018) / AMES,640 LINCOLNWAY,AMES,50010,POINT(-93.619668015 42.020044011),,STORY,260,DIAGEO AMERICAS,11290,CROWN ROYAL MINI,10,50,9.95,14.93,1,14.93,0.05,0.01,1012100,CANADIAN WHISKIES,,62023
INV-59708800004,23/06/2023,5966,CASEY'S GENERAL STORE #22 / CHARITON,1421 COURT AVE,CHARITON,50049,POINT(-93.3155849729999 41.014806009),,LUCAS,260,DIAGEO AMERICAS,11290,CROWN ROYAL MINI,10,50,9.95,14.93,1,14.93,0.05,0.01,1012100,CANADIAN WHISKIES,,62023
INV-59758300003,27/06/2023,5594,DEPOT NORWAY,117 E RAILROAD ST,NORWAY,52318,POINT(-91.92015098 41.902567992),,BENTON,260,DIAGEO AMERICAS,11290,CROWN ROYAL MINI,10,50,9.95,14.93,1,14.93,0.05,0.01,1012100,CANADIAN WHISKIES,,62023
INV-59551200001,19/06/2023,4269,TIPTON FAMILY FOODS,610 CEDAR ST,TIPTON,52772,POINT(-91.12743802 41.771641994),,CEDAR,259,HEAVEN HILL BRANDS,11771,BLACK VELVET MINI,8,50,8.87,13.31,1,13.31,0.05,0.01,1012100,CANADIAN WHISKIES,,62023
INV-58982100006,2/06/2023,4757,EZ MART / BONDURANT,1111 SE LINCOLN STREET,BONDURANT,50035,POINT(-93.457516997 41.692248984),,POLK,259,HEAVEN HILL BRANDS,11771,BLACK VELVET MINI,8,50,8.87,13.31,1,13.31,0.05,0.01,1012100,CANADIAN WHISKIES,,62023
INV-58978700002,1/06/2023,4428,KUM & GO #200 / AMES,4510 MORTENSEN RD,AMES,50014,POINT(-93.679602981 42.011595011),,STORY,259,HEAVEN HILL BRANDS,11771,BLACK VELVET MINI,8,50,8.87,13.31,1,13.31,0.05,0.01,1012100,CANADIAN WHISKIES,,62023
INV-38510400138,20/07/2021,4152,FOOD LAND SUPER MARKETS,407 W HURON,MISSOURI VALLEY,51555,POINT(-95.899346 41.557404),43,HARRISON,260,DIAGEO AMERICAS,11290,CROWN ROYAL MINI,10,50,7.35,11.03,1,11.03,0.05,0.01,1012100,CANADIAN WHISKIES,,72021
INV-38257300037,12/07/2021,4495,CASEY'S GENERAL STORE #3055 / GRUNDY CENTER,"504, G AVE",GRUNDY CENTER,50638,POINT(-92.770411 42.361494),38,GRUNDY,259,HEAVEN HILL BRANDS,11771,BLACK VELVET MINI,8,50,8.5,12.75,1,12.75,0.05,0.01,1012100,CANADIAN WHISKIES,,72021
INV-38365200023,15/07/2021,4449,KUM & GO #121 / URBANDALE,12041 DOUGLAS PKWY,URBANDALE,50322,POINT(-93.782998 41.62962),77,POLK,259,HEAVEN HILL BRANDS,11771,BLACK VELVET MINI,8,50,8.5,12.75,1,12.75,0.05,0.01,1012100,CANADIAN WHISKIES,,72021
INV-38340300015,14/07/2021,4254,FAREWAY STORES #849 / EMMETSBURG,2008  12TH ST,EMMETSBURG,50536,POINT(-94.677307 43.109244),74,PALO ALTO,421,SAZERAC COMPANY  INC,12853,RICH & RARE RESERVE MINI,5,50,5.16,7.74,1,7.74,0.05,0.01,1012100,CANADIAN WHISKIES,,72021
INV-38673700014,26/07/2021,2465,SID'S BEVERAGE SHOP,2727 DODGE ST,DUBUQUE,52003,POINT(-90.705328 42.491862),31,DUBUQUE,380,PHILLIPS BEVERAGE,14492,REVEL STOKE ROASTED PECAN MINI,12,50,4.6,6.9,1,6.9,0.05,0.01,1012100,CANADIAN WHISKIES,,72021
INV-38681600022,27/07/2021,3918,SMOKIN' JOE'S #1 TOBACCO AND LIQUOR OUTLET,3120 ROCKINGHAM RD,DAVENPORT,52802,POINT(-90.621541 41.510082),82,SCOTT,380,PHILLIPS BEVERAGE,14518,REVEL STOKE PEANUT BUTTER WHISKY MINI,12,50,4.6,6.9,1,6.9,0.05,0.01,1012100,CANADIAN WHISKIES,,72021
INV-40349300047,23/09/2021,2571,HY-VEE FOOD STORE #2 / WATERLOO,2181 LOGAN AVE,WATERLOO,50703,POINT(-92.337583 42.530476),7,BLACK HAWK,260,DIAGEO AMERICAS,10803,CROWN ROYAL REGAL APPLE MINI,10,50,7.35,11.03,1,11.03,0.05,0.01,1012100,CANADIAN WHISKIES,,92021
INV-40287800027,21/09/2021,4891,SCHOTTSY'S LIQUOR,109 5TH ST,SIBLEY,51249,POINT(-95.759943 43.403935),72,OSCEOLA,260,DIAGEO AMERICAS,10803,CROWN ROYAL REGAL APPLE MINI,10,50,7.35,11.03,1,11.03,0.05,0.01,1012100,CANADIAN WHISKIES,,92021
INV-40048600007,14/09/2021,3918,SMOKIN' JOE'S #1 TOBACCO AND LIQUOR OUTLET,3120 ROCKINGHAM RD,DAVENPORT,52802,POINT(-90.621541 41.510082),82,SCOTT,260,DIAGEO AMERICAS,11290,CROWN ROYAL MINI,10,50,7.35,11.03,1,11.03,0.05,0.01,1012100,CANADIAN WHISKIES,,92021
INV-40033700021,13/09/2021,2616,HY-VEE FOOD AND DRUG / CLINTON,901 SOUTH 4TH ST,CLINTON,52732,POINT(-90.193204 41.836268),23,CLINTON,259,HEAVEN HILL BRANDS,11771,BLACK VELVET MINI,8,50,8.5,12.75,1,12.75,0.05,0.01,1012100,CANADIAN WHISKIES,,92021
INV-40573200020,30/09/2021,4668,CLEAR LAKE PAYLESS FOODS,20 SOUTH 4TH ST,CLEARLAKE,50428,POINT(-93.380368 43.135941),17,CERRO GORDO,259,HEAVEN HILL BRANDS,11771,BLACK VELVET MINI,8,50,8.5,12.75,1,12.75,0.05,0.01,1012100,CANADIAN WHISKIES,,92021
INV-39784900125,3/09/2021,2505,HY-VEE WINE AND SPIRITS / BOONE,1111  8TH ST,BOONE,50036,POINT(-93.876107 42.063831),8,BOONE,421,SAZERAC COMPANY  INC,12871,RICH & RARE PEACH MINI,10,50,5.16,7.74,1,7.74,0.05,0.01,1012100,CANADIAN WHISKIES,,92021
INV-63814800002,31/10/2023,5882,HOMETOWN FOODS / STATE CENTER,120 E MAIN ST,STATE CENTER,50247,POINT(-93.162374009 42.016593014),,MARSHALL,421,SAZERAC COMPANY  INC,101180,99 FRUITS MINI,1,50,51.6,77.4,1,77.4,0.05,0.01,1081400,AMERICAN SCHNAPPS,,102023
INV-62983800001,5/10/2023,4428,KUM & GO #200 / AMES,4510 MORTENSEN RD,AMES,50014,POINT(-93.679602981 42.011595011),,STORY,421,SAZERAC COMPANY  INC,101180,99 FRUITS MINI,1,50,51.6,77.4,1,77.4,0.05,0.01,1081400,AMERICAN SCHNAPPS,,102023
INV-63261900003,13/10/2023,5935,CASEY'S GENERAL STORE #3932 / URBANDALE,4580 114TH STREET,URBANDALE,50322,POINT(-93.774595607 41.643211676),,POLK,421,SAZERAC COMPANY  INC,101180,99 FRUITS MINI,1,50,51.6,77.4,1,77.4,0.05,0.01,1081400,AMERICAN SCHNAPPS,,102023
INV-63569100005,23/10/2023,5618,CASEY'S GENERAL STORE #1446 / LISBON,150 E. BUSINESS 30,LISBON,52253,POINT(-91.38471 41.921245),,LINN,421,SAZERAC COMPANY  INC,101712,99 RAINBOW PACK MINI,1,50,51.6,77.4,1,77.4,0.05,0.01,1081400,AMERICAN SCHNAPPS,,102023
INV-63091200003,9/10/2023,2573,HY-VEE FOOD STORE / MUSCATINE,2400 2ND AVE,MUSCATINE,52761,POINT(-91.036596965 41.450459995),,MUSCATINE,421,SAZERAC COMPANY  INC,101712,99 RAINBOW PACK MINI,1,50,51.6,77.4,1,77.4,0.05,0.01,1081400,AMERICAN SCHNAPPS,,102023
INV-63223600002,12/10/2023,5889,SUPER QUICK LIQUOR / WDM,1800 22ND ST,WEST DES MOINES,50266,POINT(-93.736764041 41.599012004),,POLK,421,SAZERAC COMPANY  INC,102027,99 PUNCHES VARIETY MINI,1,50,51.6,77.4,1,77.4,0.05,0.01,1081400,AMERICAN SCHNAPPS,,102023
INV-59648200002,22/06/2023,5920,KUM & GO #0131 / HUXLEY,1706 HWY 210,HUXLEY,50046,POINT(-93.564825006 41.877817393),,STORY,421,SAZERAC COMPANY  INC,101180,99 FRUITS MINI,1,50,51.6,77.4,1,77.4,0.05,0.01,1081400,AMERICAN SCHNAPPS,,62023
INV-59027000001,3/06/2023,5183,CASEY'S GENERAL STORE #77 / CASCADE,717 1ST  AVE,CASCADE,52033,POINT(-91.005478981 42.302058005),,DUBUQUE,421,SAZERAC COMPANY  INC,101180,99 FRUITS MINI,1,50,51.6,77.4,1,77.4,0.05,0.01,1081400,AMERICAN SCHNAPPS,,62023
INV-59138900002,6/06/2023,5540,CASEY'S GENERAL STORE #2447 / SERGEANT BLUFF,111 GAUL DR,SERGEANT BLUFF,51054,POINT(-96.35254396 42.39899702),,WOODBURY,421,SAZERAC COMPANY  INC,101180,99 FRUITS MINI,1,50,51.6,77.4,1,77.4,0.05,0.01,1081400,AMERICAN SCHNAPPS,,62023
INV-59022100001,3/06/2023,6068,STAR CONVENIENCE / FORT DODGE,115 N 22ND ST,FORT DODGE,50501,POINT(-94.1675770159999 42.5079869910001),,WEBSTER,421,SAZERAC COMPANY  INC,101180,99 FRUITS MINI,1,50,51.6,77.4,1,77.4,0.05,0.01,1081400,AMERICAN SCHNAPPS,,62023
INV-59018900002,3/06/2023,2518,HY-VEE WINE AND SPIRITS (1544) / RED OAK,1607 NORTH BROADWAY,RED OAK,51566,POINT(-95.232857114 41.018577361),,MONTGOMERY,421,SAZERAC COMPANY  INC,101180,99 FRUITS MINI,1,50,51.6,77.4,1,77.4,0.05,0.01,1081400,AMERICAN SCHNAPPS,,62023
INV-59608700004,21/06/2023,4529,CASEY'S GENERAL STORE #3262 / BUFFALO,101 1ST ST NE,BUFFALO CENTER,50424,POINT(-93.945463792 43.386410306),,WINNEBAGO,421,SAZERAC COMPANY  INC,102027,99 PUNCHES VARIETY MINI,1,50,51.6,77.4,1,77.4,0.05,0.01,1081400,AMERICAN SCHNAPPS,,62023
INV-63172200001,11/10/2023,5655,ONE STOP SHOP #3 / ALGONA,220 S PHILLIPS ST,ALGONA,50511,POINT(-94.227251976 43.067233019),,KOSSUTH,421,SAZERAC COMPANY  INC,100413,FIREBALL CINNAMON WHISKEY PARTY BUCKET,1,50,51.6,77.4,1,77.4,0.05,0.01,1081600,WHISKEY LIQUEUR,,102023
INV-63570700001,23/10/2023,5184,CASEY'S GENERAL STORE #3440 / CAMANC,"614, S  WASHINGTON BLVD",CAMANCHE,52730,POINT(-90.256413021 41.787995003),,CLINTON,421,SAZERAC COMPANY  INC,100413,FIREBALL CINNAMON WHISKEY PARTY BUCKET,1,50,51.6,77.4,1,77.4,0.05,0.01,1081600,WHISKEY LIQUEUR,,102023
INV-63529500001,22/10/2023,5557,CASEY'S GENERAL STORE #2014 / FORT DODGE,2206 2ND AVE N,FORT DODGE,50501,POINT(-94.167543992 42.508692999),,WEBSTER,421,SAZERAC COMPANY  INC,100413,FIREBALL CINNAMON WHISKEY PARTY BUCKET,1,50,51.6,77.4,1,77.4,0.05,0.01,1081600,WHISKEY LIQUEUR,,102023
INV-63245200001,13/10/2023,6006,CASEY'S GENERAL STORE #2635 / JOHNSTON,10010 NW 62ND AVE,JOHNSTON,50131,POINT(-93.756485988 41.672472009),,POLK,421,SAZERAC COMPANY  INC,100413,FIREBALL CINNAMON WHISKEY PARTY BUCKET,1,50,51.6,77.4,1,77.4,0.05,0.01,1081600,WHISKEY LIQUEUR,,102023
INV-63151000001,11/10/2023,5860,KUM & GO #0217 -AMES,3111 SOUTH DUFF AVENUE,AMES,50010,POINT(-93.611076983 41.994777015),,STORY,421,SAZERAC COMPANY  INC,100413,FIREBALL CINNAMON WHISKEY PARTY BUCKET,1,50,51.6,77.4,1,77.4,0.05,0.01,1081600,WHISKEY LIQUEUR,,102023
INV-63503100001,20/10/2023,3868,WAL-MART 3630 / MARION,5491 BUSINESS HWY 151,MARION,52302,POINT(-91.55303896 42.033397011),,LINN,421,SAZERAC COMPANY  INC,101710,FIREBALL WINDOW BOX MINIS,1,50,51.6,77.4,1,77.4,0.05,0.01,1081600,WHISKEY LIQUEUR,,102023
INV-53112300005,16/11/2022,4499,CASEY'S GENERAL STORE #1316 / MILFORD,510 OKOBOJI AVE,MILFORD,51351,POINT(-95.14998 43.32009),,DICKINSON,421,SAZERAC COMPANY  INC,100413,FIREBALL CINNAMON WHISKEY PARTY BUCKET,1,50,51.6,77.4,1,77.4,0.05,0.01,1081600,WHISKEY LIQUEUR,,112022
INV-52888700022,9/11/2022,5655,ONE STOP SHOP #3 / ALGONA,220 S PHILLIPS ST,ALGONA,50511,POINT(-94.22686 43.06723),,KOSSUTH,421,SAZERAC COMPANY  INC,100413,FIREBALL CINNAMON WHISKEY PARTY BUCKET,1,50,51.6,77.4,1,77.4,0.05,0.01,1081600,WHISKEY LIQUEUR,,112022
INV-52991600056,14/11/2022,2670,HY-VEE FOOD STORE / CORALVILLE,2004 8TH  ST,CORALVILLE,52241,POINT(-91.592 41.68238),,JOHNSON,421,SAZERAC COMPANY  INC,100413,FIREBALL CINNAMON WHISKEY PARTY BUCKET,1,50,51.6,77.4,1,77.4,0.05,0.01,1081600,WHISKEY LIQUEUR,,112022
INV-53382900053,25/11/2022,2607,HY-VEE WINE AND SPIRITS / SHENANDOAH,520 SO FREMONT,SHENANDOAH,51601,POINT(-95.3851 40.76162),,PAGE,421,SAZERAC COMPANY  INC,100413,FIREBALL CINNAMON WHISKEY PARTY BUCKET,1,50,51.6,77.4,1,77.4,0.05,0.01,1081600,WHISKEY LIQUEUR,,112022
INV-53254100009,21/11/2022,5551,CASEY'S GENERAL STORE #2769 / WILLIAMSBURG,130 W EVANS ST,WILLIAMSBURG,52361,POINT(-92.00901 41.68952),,IOWA,421,SAZERAC COMPANY  INC,100413,FIREBALL CINNAMON WHISKEY PARTY BUCKET,1,50,51.6,77.4,1,77.4,0.05,0.01,1081600,WHISKEY LIQUEUR,,112022
INV-53466500119,29/11/2022,2637,HY-VEE #5 / DAVENPORT,2351 W LOCUST,DAVENPORT,52804,POINT(-90.61251 41.53819),,SCOTT,259,HEAVEN HILL BRANDS,27453,CINERATOR MINI,8,50,6.38,9.57,1,9.57,0.05,0.01,1081600,WHISKEY LIQUEUR,,112022
INV-52964200049,11/11/2022,5236,"GIGGLE JUICE LIQUOR STATION, LLC",600 W. MAIN ST.,ANAMOSA,52205,POINT(-91.29085 42.10821),,JONES,421,SAZERAC COMPANY  INC,27793,DR. APPLE WHISKEY MINI,12,50,5,7.5,1,7.5,0.05,0.01,1081600,WHISKEY LIQUEUR,,112022
INV-56703200010,15/03/2023,6271,KIMMES KINGSLEY COUNTRY STORE #16 / KINGSLEY,109 MAIN ST.,KINGSLEY,51028,POINT(-95.96733 42.58712),,PLYMOUTH,421,SAZERAC COMPANY  INC,100413,FIREBALL CINNAMON WHISKEY PARTY BUCKET,1,50,51.6,77.4,1,77.4,0.05,0.01,1081600,WHISKEY LIQUEUR,,32023
INV-56764300077,17/03/2023,2506,HY-VEE #2 (1044) / BURLINGTON,3140 AGENCY,BURLINGTON,52601,POINT(-91.13664 40.81467),,DES MOINES,421,SAZERAC COMPANY  INC,100413,FIREBALL CINNAMON WHISKEY PARTY BUCKET,1,50,51.6,77.4,1,77.4,0.05,0.01,1081600,WHISKEY LIQUEUR,,32023
INV-57097700001,30/03/2023,6220,PRIME WINE AND SPIRITS / MASON CITY,1104 NORTH FEDERAL AVENUE,MASON CITY,50401,POINT(-93.2011 43.16219),,CERRO GORDO,421,SAZERAC COMPANY  INC,100413,FIREBALL CINNAMON WHISKEY PARTY BUCKET,1,50,51.6,77.4,1,77.4,0.05,0.01,1081600,WHISKEY LIQUEUR,,32023
INV-56670200012,14/03/2023,5368,CASEY'S GENERAL STORE # 2169/ INDEPENDENCE,816 1ST ST. WEST,INDEPENDENCE,50644,POINT(-91.90363 42.46861),,BUCHANAN,421,SAZERAC COMPANY  INC,100413,FIREBALL CINNAMON WHISKEY PARTY BUCKET,1,50,51.6,77.4,1,77.4,0.05,0.01,1081600,WHISKEY LIQUEUR,,32023
INV-56820800006,20/03/2023,5553,CASEY'S GENERAL STORE #2222 / CLINTON,1107 13TH AVE N,CLINTON,52732,POINT(-90.2119 41.85933),,CLINTON,421,SAZERAC COMPANY  INC,100413,FIREBALL CINNAMON WHISKEY PARTY BUCKET,1,50,51.6,77.4,1,77.4,0.05,0.01,1081600,WHISKEY LIQUEUR,,32023
INV-57104800001,30/03/2023,2594,HY-VEE FOOD STORE / SIOUX CITY,4500 SERGEANT ROAD,SIOUX CITY,51106,POINT(-96.34718 42.44756),,WOODBURY,421,SAZERAC COMPANY  INC,100413,FIREBALL CINNAMON WHISKEY PARTY BUCKET,1,50,51.6,77.4,1,77.4,0.05,0.01,1081600,WHISKEY LIQUEUR,,32023
INV-56281500019,1/03/2023,5003,FAMOUS LIQUORS,2604 W LOCUST ST,DAVENPORT,52804,POINT(-90.61555 41.53819),,SCOTT,421,SAZERAC COMPANY  INC,100413,FIREBALL CINNAMON WHISKEY PARTY BUCKET,1,50,51.6,77.4,1,77.4,0.05,0.01,1081600,WHISKEY LIQUEUR,,32023
INV-47102700033,4/05/2022,2620,HY-VEE / WINDSOR HEIGHTS,7101 UNIVERSITY AVE,WINDSOR HEIGHTS,50311,,77,POLK,421,SAZERAC COMPANY  INC,100413,FIREBALL CINNAMON WHISKEY PARTY BUCKET,1,50,51.6,77.4,1,77.4,0.05,0.01,1081600,WHISKEY LIQUEUR,,52022
INV-47600000117,19/05/2022,2626,HY-VEE DRUGSTORE / UNIVERSITY / DSM,4100 UNIVERSITY AVE,DES MOINES,50311,POINT(-93.673312 41.600361),77,POLK,421,SAZERAC COMPANY  INC,100413,FIREBALL CINNAMON WHISKEY PARTY BUCKET,1,50,51.6,77.4,1,77.4,0.05,0.01,1081600,WHISKEY LIQUEUR,,52022
INV-47075500004,3/05/2022,5380,TRANSIT GENERAL STORE,2324 TRANSIT PLAZA,SIOUX CITY,51106,POINT(-96.378682 42.476368),97,WOODBURY,421,SAZERAC COMPANY  INC,100413,FIREBALL CINNAMON WHISKEY PARTY BUCKET,1,50,51.6,77.4,1,77.4,0.05,0.01,1081600,WHISKEY LIQUEUR,,52022
INV-47379600013,12/05/2022,2588,HY-VEE FOOD AND DRUG #6 / CEDAR RAPIDS,4035 MT VERNON RD SE,CEDAR RAPIDS,52403,POINT(-91.60978 41.976835),57,LINN,421,SAZERAC COMPANY  INC,101710,FIREBALL WINDOW BOX MINIS,1,50,51.6,77.4,1,77.4,0.05,0.01,1081600,WHISKEY LIQUEUR,,52022
INV-47284400133,10/05/2022,3820,"CHARLIE'S WINE AND SPIRITS,",507 W 19TH ST,SIOUX CITY,51103,POINT(-96.420193 42.510535),97,WOODBURY,421,SAZERAC COMPANY  INC,101710,FIREBALL WINDOW BOX MINIS,1,50,51.6,77.4,1,77.4,0.05,0.01,1081600,WHISKEY LIQUEUR,,52022
INV-47238700027,9/05/2022,2671,HY-VEE  /  JEFFERSON,"106, W WASHINGTON ST",JEFFERSON,50129,POINT(-94.375508 42.017267),37,GREENE,421,SAZERAC COMPANY  INC,101710,FIREBALL WINDOW BOX MINIS,1,50,51.6,77.4,1,77.4,0.05,0.01,1081600,WHISKEY LIQUEUR,,52022
INV-50766100011,30/08/2022,4493,CASEY'S GENERAL STORE #2850 / CEDAR RAPIDS,5655 C ST SW,CEDAR RAPIDS,52404,POINT(-91.637307 41.922514),,LINN,421,SAZERAC COMPANY  INC,100413,FIREBALL CINNAMON WHISKEY PARTY BUCKET,1,50,51.6,77.4,1,77.4,0.05,0.01,1081600,WHISKEY LIQUEUR,,82022
INV-50398200006,17/08/2022,4506,CASEY'S GENERAL STORE #2667 / TIFFIN,403 STEPHENS ST,TIFFIN,52340,POINT(-91.660201 41.707283),,JOHNSON,421,SAZERAC COMPANY  INC,100413,FIREBALL CINNAMON WHISKEY PARTY BUCKET,1,50,51.6,77.4,1,77.4,0.05,0.01,1081600,WHISKEY LIQUEUR,,82022
INV-50839100047,31/08/2022,2285,JOHN'S GROCERY,401 EAST MARKET ST,IOWA CITY,52240,POINT(-91.529854 41.663541),,JOHNSON,421,SAZERAC COMPANY  INC,100413,FIREBALL CINNAMON WHISKEY PARTY BUCKET,1,50,51.6,77.4,1,77.4,0.05,0.01,1081600,WHISKEY LIQUEUR,,82022
INV-50647500010,25/08/2022,5270,CASEY'S GENERAL STORE # 2783/ URBAND,4901 86TH ST,URBANDALE,50322,POINT(-93.736378 41.649717),,POLK,421,SAZERAC COMPANY  INC,100413,FIREBALL CINNAMON WHISKEY PARTY BUCKET,1,50,51.6,77.4,1,77.4,0.05,0.01,1081600,WHISKEY LIQUEUR,,82022
INV-50189900019,9/08/2022,5546,CASEY'S #3954 / NEWTON,3104 1ST AVE E,NEWTON,50208,POINT(-93.013639 41.699186),,JASPER,421,SAZERAC COMPANY  INC,100413,FIREBALL CINNAMON WHISKEY PARTY BUCKET,1,50,51.6,77.4,1,77.4,0.05,0.01,1081600,WHISKEY LIQUEUR,,82022
INV-50138600003,8/08/2022,4492,CASEY'S GENERAL STORE #2773 / CEDAR RAPIDS,3625 EDGEWOOD RD SW,CEDAR RAPIDS,52404,POINT(-91.715911 41.942366),,LINN,421,SAZERAC COMPANY  INC,100413,FIREBALL CINNAMON WHISKEY PARTY BUCKET,1,50,51.6,77.4,1,77.4,0.05,0.01,1081600,WHISKEY LIQUEUR,,82022
INV-60835600001,1/08/2023,5687,CASEY'S GENERAL STORE #3756 / CEDAR RAPIDS,4560 16TH AVE SW,CEDAR RAPIDS,52404,POINT(-91.730023851 41.964221374),,LINN,421,SAZERAC COMPANY  INC,100413,FIREBALL CINNAMON WHISKEY PARTY BUCKET,1,50,51.6,77.4,1,77.4,0.05,0.01,1081600,WHISKEY LIQUEUR,,82023
INV-61021300001,7/08/2023,4530,CASEY'S GENERAL STORE #2566 / ELY,1495 STATE ST,ELY,52227,POINT(-91.587598972 41.872276003),,LINN,421,SAZERAC COMPANY  INC,100413,FIREBALL CINNAMON WHISKEY PARTY BUCKET,1,50,51.6,77.4,1,77.4,0.05,0.01,1081600,WHISKEY LIQUEUR,,82023
INV-61167600001,11/08/2023,5754,CASEY'S GENERAL STORE #2342 / BURLINGTON,3105 WEST AVE,BURLINGTON,52601,POINT(-91.140518985 40.799849001),,DES MOINES,421,SAZERAC COMPANY  INC,100413,FIREBALL CINNAMON WHISKEY PARTY BUCKET,1,50,51.6,77.4,1,77.4,0.05,0.01,1081600,WHISKEY LIQUEUR,,82023
INV-61766500001,30/08/2023,10089,CASEY'S #4306 / FAIRFIELD,1601 WEST BURLINGTON AVENUE,FAIRFIELD,52556,POINT(-91.981819995 41.007097005),,JEFFERSON,421,SAZERAC COMPANY  INC,100413,FIREBALL CINNAMON WHISKEY PARTY BUCKET,1,50,51.6,77.4,1,77.4,0.05,0.01,1081600,WHISKEY LIQUEUR,,82023
INV-61475300001,22/08/2023,2676,HY-VEE GAS / INDIANOLA,912 N JEFFERSON WAY,INDIANOLA,50125,POINT(-93.556514985 41.368733003),,WARREN,421,SAZERAC COMPANY  INC,100413,FIREBALL CINNAMON WHISKEY PARTY BUCKET,1,50,51.6,77.4,1,77.4,0.05,0.01,1081600,WHISKEY LIQUEUR,,82023
INV-61488500001,22/08/2023,5683,CASEY'S GENERAL STORE #2697 / ONAWA,706 10TH ST,ONAWA,51040,POINT(-96.097746005 42.030378982),,MONONA,421,SAZERAC COMPANY  INC,100413,FIREBALL CINNAMON WHISKEY PARTY BUCKET,1,50,51.6,77.4,1,77.4,0.05,0.01,1081600,WHISKEY LIQUEUR,,82023
INV-61630000001,25/08/2023,5558,CASEY'S GENERAL STORE #1280 / FORT DODGE,1133 S 22ND ST,FORT DODGE,50501,POINT(-94.167417006 42.491883008),,WEBSTER,421,SAZERAC COMPANY  INC,100413,FIREBALL CINNAMON WHISKEY PARTY BUCKET,1,50,51.6,77.4,1,77.4,0.05,0.01,1081600,WHISKEY LIQUEUR,,82023
INV-64212600001,13/11/2023,2721,HY-VEE C-STORE #3 / DUBUQUE,300 S LOCUST,DUBUQUE,52003,POINT(-90.664055986 42.488579993),,DUBUQUE,421,SAZERAC COMPANY  INC,100535,FIREBALL GIFT BOX,1,50,51.6,77.4,1,77.4,0.05,0.01,1701100,TEMPORARY & SPECIALTY PACKAGES,,112023
INV-64631400001,24/11/2023,4782,CASEY'S GENERAL STORE #2529 / LAMONI,406 E MAIN ST,LAMONI,50140,POINT(-93.929104998 40.623876015),,DECATUR,421,SAZERAC COMPANY  INC,100847,FIREBALL CINNAMON WHISKEY CANDY CANES,1,50,51.6,77.4,1,77.4,0.05,0.01,1701100,TEMPORARY & SPECIALTY PACKAGES,,112023
INV-64702200002,28/11/2023,6319,SERGEANT BLUFF PUMP 'N PAK / SERGEANT BLUFF,200 1ST STREET,SERGEANT BLUFF,51054,POINT(-96.367624009 42.403700986),,WOODBURY,421,SAZERAC COMPANY  INC,100847,FIREBALL CINNAMON WHISKEY CANDY CANES,1,50,51.6,77.4,1,77.4,0.05,0.01,1701100,TEMPORARY & SPECIALTY PACKAGES,,112023
INV-64669500002,27/11/2023,5159,KIMMES ROCKWELL CITY COUNTRY STORE #,"730, HIGH ST",ROCKWELL CITY,50579,POINT(-94.63898598 42.399206987),,CALHOUN,421,SAZERAC COMPANY  INC,100847,FIREBALL CINNAMON WHISKEY CANDY CANES,1,50,51.6,77.4,1,77.4,0.05,0.01,1701100,TEMPORARY & SPECIALTY PACKAGES,,112023
INV-64549300004,22/11/2023,2593,HY-VEE FOOD STORE / CARROLL,905 US HIGHWAY 30 WEST,CARROLL,51401,POINT(-94.876658575 42.070527226),,CARROLL,421,SAZERAC COMPANY  INC,101512,FIREBALL CINNAMON WHISKEY PARTY YARD MINI,1,50,51.6,77.4,1,77.4,0.05,0.01,1701100,TEMPORARY & SPECIALTY PACKAGES,,112023
INV-64113400001,9/11/2023,5685,FAREWAY STORES #190 / CEDAR FALLS,4500 S MAIN ST,CEDAR FALLS,50613,POINT(-92.445026009 42.497803021),,BLACK HAWK,214,GOAMERICAGO BEVERAGES LLC / WHISTLEPIG,101554,WHISTLEPIG RYE PIGLETS 6/10/12 MINI,12,50,12.5,18.75,1,18.75,0.05,0.01,1701100,TEMPORARY & SPECIALTY PACKAGES,,112023
INV-48337600060,14/06/2022,5526,RANDALL'S STOP N SHOP,320 5TH ST,HUDSON,50643,POINT(-92.45494 42.406565),7,BLACK HAWK,35,BACARDI USA INC,101682,BACARDI FLAVORED RUM PARTY BUCKET,1,50,39.96,59.94,1,59.94,0.05,0.01,1701100,TEMPORARY & SPECIALTY PACKAGES,,62022
INV-48826300001,30/06/2022,5664,CASEY'S GENERAL STORE #45 / DES MOINES,2890 E BROADWAY AVE,DES MOINES,50317,,77,POLK,260,DIAGEO AMERICAS,10775,CROWN ROYAL PEACH MINI,10,50,5.94,8.91,1,8.91,0.05,0.01,1701100,TEMPORARY & SPECIALTY PACKAGES,,62022
INV-48274600001,13/06/2022,2505,HY-VEE WINE AND SPIRITS / BOONE,1111  8TH ST,BOONE,50036,POINT(-93.876107 42.063831),8,BOONE,260,DIAGEO AMERICAS,10775,CROWN ROYAL PEACH MINI,10,50,5.94,8.91,1,8.91,0.05,0.01,1701100,TEMPORARY & SPECIALTY PACKAGES,,62022
INV-48572100001,22/06/2022,5187,KWIK STOP LIQUOR & GROCERIES AMES,125 6TH ST,AMES,50010,POINT(-93.611615 42.026942),85,STORY,260,DIAGEO AMERICAS,10775,CROWN ROYAL PEACH MINI,10,50,5.94,8.91,1,8.91,0.05,0.01,1701100,TEMPORARY & SPECIALTY PACKAGES,,62022
INV-48734600013,28/06/2022,6204,DEPOT LIQUOR & GROCERY / MARSHALLTOWN,114 CENTER ST.,MARSHALLTOWN,50158,POINT(-93.739275 41.372001),64,MARSHALL,260,DIAGEO AMERICAS,10775,CROWN ROYAL PEACH MINI,10,50,5.94,8.91,1,8.91,0.05,0.01,1701100,TEMPORARY & SPECIALTY PACKAGES,,62022
INV-48803800001,29/06/2022,4522,CASEY'S GENERAL STORE #2523 / MONROE,201 RALPH ST,MONROE,50170,POINT(-93.099657 41.509806),50,JASPER,260,DIAGEO AMERICAS,10775,CROWN ROYAL PEACH MINI,10,50,5.94,8.91,1,8.91,0.05,0.01,1701100,TEMPORARY & SPECIALTY PACKAGES,,62022
INV-48570500010,22/06/2022,2502,HY-VEE WINE AND SPIRITS / ANKENY,410 NORTH ANKENY BLVD,ANKENY,50021,,77,POLK,260,DIAGEO AMERICAS,10775,CROWN ROYAL PEACH MINI,10,50,5.94,8.91,1,8.91,0.05,0.01,1701100,TEMPORARY & SPECIALTY PACKAGES,,62022
INV-48842800003,30/06/2022,4201,FAREWAY STORES #022 / SIOUX CITY,4040 WAR EAGLE DR,SIOUX CITY,51109,POINT(-96.461706 42.494881),97,WOODBURY,260,DIAGEO AMERICAS,10775,CROWN ROYAL PEACH MINI,10,50,5.94,8.91,1,8.91,0.05,0.01,1701100,TEMPORARY & SPECIALTY PACKAGES,,62022
INV-48588800151,22/06/2022,2590,HY-VEE FOOD STORE #5 / CEDAR RAPIDS,3235 OAKLAND ROAD NE,CEDAR RAPIDS,52402,POINT(-91.658111 42.010962),57,LINN,260,DIAGEO AMERICAS,10775,CROWN ROYAL PEACH MINI,10,50,5.94,8.91,1,8.91,0.05,0.01,1701100,TEMPORARY & SPECIALTY PACKAGES,,62022
INV-48823800057,30/06/2022,2679,HY-VEE FAST & FRESH/ALTOONA,3950 PRARIE FIRE NW,ALTOONA,50009,,77,POLK,260,DIAGEO AMERICAS,10775,CROWN ROYAL PEACH MINI,10,50,5.94,8.91,1,8.91,0.05,0.01,1701100,TEMPORARY & SPECIALTY PACKAGES,,62022
INV-48455000001,17/06/2022,2627,HY-VEE WINE & SPIRITS #1 / MLK,3330 MARTIN LUTHER KING JR PKWY,DES MOINES,50310,POINT(-93.650787 41.625924),77,POLK,260,DIAGEO AMERICAS,10775,CROWN ROYAL PEACH MINI,10,50,5.94,8.91,1,8.91,0.05,0.01,1701100,TEMPORARY & SPECIALTY PACKAGES,,62022
INV-48724400001,27/06/2022,5184,CASEY'S GENERAL STORE #3440 / CAMANC,"614, S  WASHINGTON BLVD",CAMANCHE,52730,POINT(-90.256225 41.787752),23,CLINTON,260,DIAGEO AMERICAS,10775,CROWN ROYAL PEACH MINI,10,50,5.94,8.91,1,8.91,0.05,0.01,1701100,TEMPORARY & SPECIALTY PACKAGES,,62022
INV-48549800003,21/06/2022,6268,SUPER MART / OELWEIN,701 SOUTH FREDERICK AVENUE,OELWEIN,50662,POINT(-91.913481 42.669128),33,FAYETTE,260,DIAGEO AMERICAS,10775,CROWN ROYAL PEACH MINI,10,50,5.94,8.91,1,8.91,0.05,0.01,1701100,TEMPORARY & SPECIALTY PACKAGES,,62022
